tipo_backtest,escopo,mae,rmse,r2,smape,precision,recall,f1,n_obs,n_meses,n_eventos_obs,n_eventos_pred,janela_id,periodo_teste,ano_teste
rolling_origin_multiplas_janelas,consolidado,2.0645693141921337,10.473556188187182,0.33282263452622196,0.11136401020431534,0.8,0.3333333333333333,0.47058823529411764,192.0,48.0,12.0,5.0,,,
rolling_origin_multiplas_janelas,por_janela,7.565364270140091,20.709362050820328,0.27129291951503953,0.37279460986491403,1.0,0.2,0.33333333333333337,48.0,12.0,10.0,2.0,1.0,2022-01 a 2022-12,
rolling_origin_multiplas_janelas,por_janela,0.0,0.0,,0.0,,,,48.0,12.0,0.0,0.0,2.0,2023-01 a 2023-12,
rolling_origin_multiplas_janelas,por_janela,0.0,0.0,,0.0,,,,48.0,12.0,0.0,0.0,3.0,2024-01 a 2024-12,
rolling_origin_multiplas_janelas,por_janela,0.6929129866284435,3.147036758047003,-3.197751875252231,0.07266143095234733,0.6666666666666666,1.0,0.8,48.0,12.0,2.0,3.0,4.0,2025-01 a 2025-12,
rolling_origin_multiplas_janelas,por_ano,7.565364270140091,20.709362050820328,0.27129291951503953,0.37279460986491403,1.0,0.2,0.33333333333333337,48.0,12.0,10.0,2.0,,,2022.0
rolling_origin_multiplas_janelas,por_ano,0.0,0.0,,0.0,,,,48.0,12.0,0.0,0.0,,,2023.0
rolling_origin_multiplas_janelas,por_ano,0.0,0.0,,0.0,,,,48.0,12.0,0.0,0.0,,,2024.0
rolling_origin_multiplas_janelas,por_ano,0.6929129866284435,3.147036758047003,-3.197751875252231,0.07266143095234733,0.6666666666666666,1.0,0.8,48.0,12.0,2.0,3.0,,,2025.0
