mes_dt;subsistema;gfom_hist_mwmed;gt_hist_mwmed;ear_pct_sub;cref_amarela;gatilho;gap_below;intensidade;share_hist;mes_num;mes_sin;mes_cos;share_pred;gfom_pred_mwmed;ano;mes;ear_fim_per;cref_amarela_chk;cref_vermelha;regime
2022-01-01;Nordeste;27.329464933140336;1283.268798387097;53.40719986;27.3;0;0.0;0.0;0.021296757910337992;1;0.49999999999999994;0.8660254037844387;0.0;0.0;2022;1;67.62962550612903;27.3;20.6;normal
2022-01-01;Norte;0.0;804.721502688172;57.76879883;27.3;0;0.0;0.0;0.0;1;0.49999999999999994;0.8660254037844387;0.0;0.0;2022;1;79.85827685967742;27.3;20.6;normal
2022-01-01;Sudeste;109.61423906063322;6889.177428763441;26.20409966;27.3;1;1.09590034;0.0401428695970696;0.01591107794712557;1;0.49999999999999994;0.8660254037844387;0.01044475739117438;71.95578686818865;2022;1;35.37715179741936;27.3;20.6;normal
2022-01-01;Sul;69.81716598295992;1369.1099690860215;42.68619919;27.3;0;0.0;0.0;0.050994564030212894;1;0.49999999999999994;0.8660254037844387;0.0;0.0;2022;1;38.759490350967745;27.3;20.6;normal
2022-02-01;Nordeste;0.11902676663614165;154.2404776785714;73.36660004;34.6;0;0.0;0.0;0.0007716960452118595;2;0.8660254037844386;0.5000000000000001;0.0;0.0;2022;2;77.49798147964285;34.6;28.2;normal
2022-02-01;Norte;0.0;795.8965;89.42289734;34.6;0;0.0;0.0;0.0;2;0.8660254037844386;0.5000000000000001;0.0;0.0;2022;2;93.91568183857143;34.6;28.2;normal
2022-02-01;Sudeste;82.30782624421296;5820.209229166667;42.24430084;34.6;0;0.0;0.0;0.014141729790699937;2;0.8660254037844386;0.5000000000000001;0.0;0.0;2022;2;51.23771422214286;34.6;28.2;normal
2022-02-01;Sul;55.85032087053571;997.1995833333333;35.32229996;34.6;0;0.0;0.0;0.056007164266801204;2;0.8660254037844386;0.5000000000000001;0.0;0.0;2022;2;32.37004995357143;34.6;28.2;alert
2022-03-01;Nordeste;0.3308677970774745;227.98940725806452;82.00409698;43.3;0;0.0;0.0;0.0014512419724086586;3;1.0;6.123233995736766e-17;0.0;0.0;2022;3;88.11878056548387;43.3;37.1;normal
2022-03-01;Norte;0.0;795.6158185483871;97.68890381;43.3;0;0.0;0.0;0.0;3;1.0;6.123233995736766e-17;0.0;0.0;2022;3;98.07102892580644;43.3;37.1;normal
2022-03-01;Sudeste;54.30282465277778;4479.662251344086;58.29230118;43.3;0;0.0;0.0;0.012122080104696432;3;1.0;6.123233995736766e-17;0.0;0.0;2022;3;60.92660682451613;43.3;37.1;normal
2022-03-01;Sul;44.00336581541219;909.6981827956989;28.16589928;43.3;1;15.134100719999996;0.34951733764434173;0.04837139025624999;3;1.0;6.123233995736766e-17;0.012879423024515183;11.716387720858545;2022;3;33.20022263032258;43.3;37.1;critical
2022-04-01;Nordeste;0.0;248.4506861111111;95.77639771;45.4;0;0.0;0.0;0.0;4;0.8660254037844387;-0.4999999999999998;0.0;0.0;2022;4;96.645033265;45.4;39.2;normal
2022-04-01;Norte;0.0;796.1726680555555;98.71420288;45.4;0;0.0;0.0;0.0;4;0.8660254037844387;-0.4999999999999998;0.0;0.0;2022;4;98.80429026266667;45.4;39.2;normal
2022-04-01;Sudeste;14.362783574879227;2957.358273611111;63.74169922;45.4;0;0.0;0.0;0.004856626166345889;4;0.8660254037844387;-0.4999999999999998;0.0;0.0;2022;4;65.607396698;45.4;39.2;normal
2022-04-01;Sul;0.0;345.5295569444445;45.70619965;45.4;0;0.0;0.0;0.0;4;0.8660254037844387;-0.4999999999999998;0.0;0.0;2022;4;55.71489334133333;45.4;39.2;normal
2022-05-01;Nordeste;0.0;222.9155107526882;95.8660965;45.9;0;0.0;0.0;0.0;5;0.49999999999999994;-0.8660254037844387;0.0;0.0;2022;5;95.23854483354839;45.9;39.7;normal
2022-05-01;Norte;0.0;767.717009408602;99.13860321;45.9;0;0.0;0.0;0.0;5;0.49999999999999994;-0.8660254037844387;0.0;0.0;2022;5;99.41542225451613;45.9;39.7;normal
2022-05-01;Sudeste;0.0;2783.278366935484;66.59079742;45.9;0;0.0;0.0;0.0;5;0.49999999999999994;-0.8660254037844387;0.0;0.0;2022;5;66.66783215903226;45.9;39.7;normal
2022-05-01;Sul;0.0;659.9176155913979;68.30690002;45.9;0;0.0;0.0;0.0;5;0.49999999999999994;-0.8660254037844387;0.0;0.0;2022;5;86.25014840419355;45.9;39.7;normal
2022-06-01;Nordeste;0.0;252.31986805555556;94.17839813;45.2;0;0.0;0.0;0.0;6;1.2246467991473532e-16;-1.0;0.0;0.0;2022;6;92.850943501;45.2;39.6;normal
2022-06-01;Norte;0.0;1921.3401833333335;98.96929932;45.2;0;0.0;0.0;0.0;6;1.2246467991473532e-16;-1.0;0.0;0.0;2022;6;98.56381352733334;45.2;39.6;normal
2022-06-01;Sudeste;0.0;1663.3298916666668;66.42230225;45.2;0;0.0;0.0;0.0;6;1.2246467991473532e-16;-1.0;0.0;0.0;2022;6;66.15089086033333;45.2;39.6;normal
2022-06-01;Sul;0.0;947.3765583333333;90.34570313;45.2;0;0.0;0.0;0.0;6;1.2246467991473532e-16;-1.0;0.0;0.0;2022;6;93.81938730933332;45.2;39.6;normal
2022-07-01;Nordeste;0.0;285.13158333333337;91.14040375;42.1;0;0.0;0.0;0.0;7;-0.4999999999999997;-0.8660254037844388;0.0;0.0;2022;7;87.54768765387097;42.1;37.6;normal
2022-07-01;Norte;0.0;1425.445735215054;96.20349884;42.1;0;0.0;0.0;0.0;7;-0.4999999999999997;-0.8660254037844388;0.0;0.0;2022;7;92.57267810419354;42.1;37.6;normal
2022-07-01;Sudeste;0.0;1515.4376935483872;65.41069794;42.1;0;0.0;0.0;0.0;7;-0.4999999999999997;-0.8660254037844388;0.0;0.0;2022;7;63.74499991645161;42.1;37.6;normal
2022-07-01;Sul;0.0;967.2322647849463;94.50479889;42.1;0;0.0;0.0;0.0;7;-0.4999999999999997;-0.8660254037844388;0.0;0.0;2022;7;85.9776744232258;42.1;37.6;normal
2022-08-01;Nordeste;0.0;294.19270564516125;82.2335968;36.9;0;0.0;0.0;0.0;8;-0.8660254037844384;-0.5000000000000004;0.0;0.0;2022;8;77.2920862;36.9;33.6;normal
2022-08-01;Norte;0.0;1622.7910954301074;89.14389801;36.9;0;0.0;0.0;0.0;8;-0.8660254037844384;-0.5000000000000004;0.0;0.0;2022;8;87.13782870258063;36.9;33.6;normal
2022-08-01;Sudeste;0.0;2290.163122311828;61.31729889;36.9;0;0.0;0.0;0.0;8;-0.8660254037844384;-0.5000000000000004;0.0;0.0;2022;8;58.56690942032258;36.9;33.6;normal
2022-08-01;Sul;0.0;1018.5761505376344;74.36029816;36.9;0;0.0;0.0;0.0;8;-0.8660254037844384;-0.5000000000000004;0.0;0.0;2022;8;77.69981261290323;36.9;33.6;normal
2022-09-01;Nordeste;0.0;285.22113194444444;72.80770111;32.7;0;0.0;0.0;0.0;9;-1.0;-1.8369701987210297e-16;0.0;0.0;2022;9;69.44176050833333;32.7;30.2;normal
2022-09-01;Norte;0.0;1699.1821624999998;84.96089935;32.7;0;0.0;0.0;0.0;9;-1.0;-1.8369701987210297e-16;0.0;0.0;2022;9;80.50233001666668;32.7;30.2;normal
2022-09-01;Sudeste;0.0;2277.647126388889;55.79909897;32.7;0;0.0;0.0;0.0;9;-1.0;-1.8369701987210297e-16;0.0;0.0;2022;9;53.03846651633333;32.7;30.2;normal
2022-09-01;Sul;0.0;986.7490222222222;85.67489624;32.7;0;0.0;0.0;0.0;9;-1.0;-1.8369701987210297e-16;0.0;0.0;2022;9;83.82898381466666;32.7;30.2;normal
2022-10-01;Nordeste;0.0;239.4784448924731;66.09230042;25.1;0;0.0;0.0;0.0;10;-0.8660254037844386;0.5000000000000001;0.0;0.0;2022;10;63.26159643354839;25.1;23.9;normal
2022-10-01;Norte;0.0;1568.0993508064514;75.23989868;25.1;0;0.0;0.0;0.0;10;-0.8660254037844386;0.5000000000000001;0.0;0.0;2022;10;67.33270891225807;25.1;23.9;normal
2022-10-01;Sudeste;0.0;2977.011190860215;51.17959976;25.1;0;0.0;0.0;0.0;10;-0.8660254037844386;0.5000000000000001;0.0;0.0;2022;10;50.64360993967742;25.1;23.9;normal
2022-10-01;Sul;0.0;915.1920080645162;83.47859955;25.1;0;0.0;0.0;0.0;10;-0.8660254037844386;0.5000000000000001;0.0;0.0;2022;10;88.87566154193549;25.1;23.9;normal
2022-11-01;Nordeste;0.0;231.61061527777778;60.10499954;20.0;0;0.0;0.0;0.0;11;-0.5000000000000004;0.8660254037844384;0.0;0.0;2022;11;59.876046753;20.0;20.0;normal
2022-11-01;Norte;0.0;1539.8711722222222;56.97850037;20.0;0;0.0;0.0;0.0;11;-0.5000000000000004;0.8660254037844384;0.0;0.0;2022;11;54.83798662900001;20.0;20.0;normal
2022-11-01;Sudeste;0.0;2042.4179208333333;49.61800003;20.0;0;0.0;0.0;0.0;11;-0.5000000000000004;0.8660254037844384;0.0;0.0;2022;11;48.34075330133333;20.0;20.0;normal
2022-11-01;Sul;0.0;839.1259805555555;91.5861969;20.0;0;0.0;0.0;0.0;11;-0.5000000000000004;0.8660254037844384;0.0;0.0;2022;11;86.65739008566668;20.0;20.0;normal
2022-12-01;Nordeste;0.0;254.25682123655915;58.44290161;28.3;0;0.0;0.0;0.0;12;-2.4492935982947064e-16;1.0;0.0;0.0;2022;12;61.07575459645161;28.3;20.0;normal
2022-12-01;Norte;0.0;1654.6746491935485;51.96300125;28.3;0;0.0;0.0;0.0;12;-2.4492935982947064e-16;1.0;0.0;0.0;2022;12;55.53213870096774;28.3;20.0;normal
2022-12-01;Sudeste;0.0;3062.873311827957;46.42639923;28.3;0;0.0;0.0;0.0;12;-2.4492935982947064e-16;1.0;0.0;0.0;2022;12;48.763016116774196;28.3;20.0;normal
2022-12-01;Sul;0.0;288.3597795698925;77.63890076;28.3;0;0.0;0.0;0.0;12;-2.4492935982947064e-16;1.0;0.0;0.0;2022;12;80.14085166709677;28.3;20.0;normal
2023-01-01;Nordeste;0.0;150.16740860215054;67.69300079;35.4;0;0.0;0.0;0.0;1;0.49999999999999994;0.8660254037844387;0.0;0.0;2023;1;73.52648039709678;35.4;22.4;normal
2023-01-01;Norte;0.0;1389.9312271505376;61.68429947;35.4;0;0.0;0.0;0.0;1;0.49999999999999994;0.8660254037844387;0.0;0.0;2023;1;78.54909687677419;35.4;22.4;normal
2023-01-01;Sudeste;0.0;3097.5936827956994;53.57500076;35.4;0;0.0;0.0;0.0;1;0.49999999999999994;0.8660254037844387;0.0;0.0;2023;1;62.896762110000004;35.4;22.4;normal
2023-01-01;Sul;0.0;535.0485564516129;84.31109619;35.4;0;0.0;0.0;0.0;1;0.49999999999999994;0.8660254037844387;0.0;0.0;2023;1;85.65306115935483;35.4;22.4;normal
2023-02-01;Nordeste;0.0;246.53398214285716;75.74330139;42.8;0;0.0;0.0;0.0;2;0.8660254037844386;0.5000000000000001;0.0;0.0;2023;2;80.37725366892857;42.8;30.7;normal
2023-02-01;Norte;0.0;822.5949880952381;89.90950012;42.8;0;0.0;0.0;0.0;2;0.8660254037844386;0.5000000000000001;0.0;0.0;2023;2;92.73007501857144;42.8;30.7;normal
2023-02-01;Sudeste;0.0;2680.5915252976192;70.19589996;42.8;0;0.0;0.0;0.0;2;0.8660254037844386;0.5000000000000001;0.0;0.0;2023;2;74.01415279892856;42.8;30.7;normal
2023-02-01;Sul;0.0;531.8250595238095;86.77619934;42.8;0;0.0;0.0;0.0;2;0.8660254037844386;0.5000000000000001;0.0;0.0;2023;2;86.46244321464285;42.8;30.7;normal
2023-03-01;Nordeste;0.0;206.09881451612904;85.56479645;50.3;0;0.0;0.0;0.0;3;1.0;6.123233995736766e-17;0.0;0.0;2023;3;88.62465790870968;50.3;39.1;normal
2023-03-01;Norte;0.0;850.7363951612904;97.70079803;50.3;0;0.0;0.0;0.0;3;1.0;6.123233995736766e-17;0.0;0.0;2023;3;98.09226768193548;50.3;39.1;normal
2023-03-01;Sudeste;0.0;2633.1139005376344;77.04530334;50.3;0;0.0;0.0;0.0;3;1.0;6.123233995736766e-17;0.0;0.0;2023;3;80.87122861774193;50.3;39.1;normal
2023-03-01;Sul;0.0;901.6625954301076;85.88619995;50.3;0;0.0;0.0;0.0;3;1.0;6.123233995736766e-17;0.0;0.0;2023;3;84.39747422774194;50.3;39.1;normal
2023-04-01;Nordeste;0.0;188.7265277777778;91.20870209;50.8;0;0.0;0.0;0.0;4;0.8660254037844387;-0.4999999999999998;0.0;0.0;2023;4;91.09742660533334;50.8;40.7;normal
2023-04-01;Norte;0.0;1327.9483458333334;97.75939941;50.8;0;0.0;0.0;0.0;4;0.8660254037844387;-0.4999999999999998;0.0;0.0;2023;4;98.07427342733334;50.8;40.7;normal
2023-04-01;Sudeste;0.0;2949.703915277778;83.36170197;50.8;0;0.0;0.0;0.0;4;0.8660254037844387;-0.4999999999999998;0.0;0.0;2023;4;85.289383951;50.8;40.7;normal
2023-04-01;Sul;0.0;804.3573611111112;83.0184021;50.8;0;0.0;0.0;0.0;4;0.8660254037844387;-0.4999999999999998;0.0;0.0;2023;4;84.08291651333334;50.8;40.7;normal
2023-05-01;Nordeste;0.0;212.0846129032258;90.95999908;49.3;0;0.0;0.0;0.0;5;0.49999999999999994;-0.8660254037844387;0.0;0.0;2023;5;90.1560863367742;49.3;40.2;normal
2023-05-01;Norte;0.0;826.8740725806452;98.68699646;49.3;0;0.0;0.0;0.0;5;0.49999999999999994;-0.8660254037844387;0.0;0.0;2023;5;98.3905937451613;49.3;40.2;normal
2023-05-01;Sudeste;0.0;2946.2047150537637;86.22190094;49.3;0;0.0;0.0;0.0;5;0.49999999999999994;-0.8660254037844387;0.0;0.0;2023;5;86.18849059129032;49.3;40.2;normal
2023-05-01;Sul;0.0;677.2740981182795;83.93029785;49.3;0;0.0;0.0;0.0;5;0.49999999999999994;-0.8660254037844387;0.0;0.0;2023;5;84.10256170322582;49.3;40.2;normal
2023-06-01;Nordeste;0.0;158.35780416666668;88.97640228;47.0;0;0.0;0.0;0.0;6;1.2246467991473532e-16;-1.0;0.0;0.0;2023;6;86.90754343666667;47.0;38.9;normal
2023-06-01;Norte;0.0;2030.3458;97.72480011;47.0;0;0.0;0.0;0.0;6;1.2246467991473532e-16;-1.0;0.0;0.0;2023;6;98.71717020633334;47.0;38.9;normal
2023-06-01;Sudeste;0.0;3245.5040986111107;86.26950073;47.0;0;0.0;0.0;0.0;6;1.2246467991473532e-16;-1.0;0.0;0.0;2023;6;86.483302561;47.0;38.9;normal
2023-06-01;Sul;0.0;997.9759486111111;81.3934021;47.0;0;0.0;0.0;0.0;6;1.2246467991473532e-16;-1.0;0.0;0.0;2023;6;83.80486628233334;47.0;38.9;normal
2023-07-01;Nordeste;0.0;61.042189516129035;84.41880035;43.1;0;0.0;0.0;0.0;7;-0.4999999999999997;-0.8660254037844388;0.0;0.0;2023;7;81.86107093967742;43.1;36.1;normal
2023-07-01;Norte;0.0;1482.1797876344087;97.84020233;43.1;0;0.0;0.0;0.0;7;-0.4999999999999997;-0.8660254037844388;0.0;0.0;2023;7;94.88603579645162;43.1;36.1;normal
2023-07-01;Sudeste;0.0;2790.6958481182796;86.32949829;43.1;0;0.0;0.0;0.0;7;-0.4999999999999997;-0.8660254037844388;0.0;0.0;2023;7;85.40624876903226;43.1;36.1;normal
2023-07-01;Sul;0.0;1122.7157782258064;88.43959808;43.1;0;0.0;0.0;0.0;7;-0.4999999999999997;-0.8660254037844388;0.0;0.0;2023;7;90.96400697774193;43.1;36.1;normal
2023-08-01;Nordeste;0.0;95.55748655913979;79.14779663;37.9;0;0.0;0.0;0.0;8;-0.8660254037844384;-0.5000000000000004;0.0;0.0;2023;8;76.3443829935484;37.9;32.2;normal
2023-08-01;Norte;0.0;1394.5354879032259;91.17549896;37.9;0;0.0;0.0;0.0;8;-0.8660254037844384;-0.5000000000000004;0.0;0.0;2023;8;86.76000016741936;37.9;32.2;normal
2023-08-01;Sudeste;0.0;2776.865642473118;84.17620087;37.9;0;0.0;0.0;0.0;8;-0.8660254037844384;-0.5000000000000004;0.0;0.0;2023;8;81.7517392551613;37.9;32.2;normal
2023-08-01;Sul;0.0;1040.08386155914;93.22440338;37.9;0;0.0;0.0;0.0;8;-0.8660254037844384;-0.5000000000000004;0.0;0.0;2023;8;90.10846119483871;37.9;32.2;normal
2023-09-01;Nordeste;0.0;95.99583888888888;73.25980377;32.8;0;0.0;0.0;0.0;9;-1.0;-1.8369701987210297e-16;0.0;0.0;2023;9;70.17797698999999;32.8;28.0;normal
2023-09-01;Norte;0.0;1350.028461111111;81.25859833;32.8;0;0.0;0.0;0.0;9;-1.0;-1.8369701987210297e-16;0.0;0.0;2023;9;77.78197046866667;32.8;28.0;normal
2023-09-01;Sudeste;0.0;2638.2467319444445;78.63379669;32.8;0;0.0;0.0;0.0;9;-1.0;-1.8369701987210297e-16;0.0;0.0;2023;9;75.91855290766667;32.8;28.0;normal
2023-09-01;Sul;0.0;803.4623597222222;82.82099915;32.8;0;0.0;0.0;0.0;9;-1.0;-1.8369701987210297e-16;0.0;0.0;2023;9;90.081976319;32.8;28.0;normal
2023-10-01;Nordeste;0.0;68.24777688172043;66.85430145;25.3;0;0.0;0.0;0.0;10;-0.8660254037844386;0.5000000000000001;0.0;0.0;2023;10;63.4568802616129;25.3;22.5;normal
2023-10-01;Norte;0.0;1420.2706666666666;72.12490082;25.3;0;0.0;0.0;0.0;10;-0.8660254037844386;0.5000000000000001;0.0;0.0;2023;10;65.37269358548387;25.3;22.5;normal
2023-10-01;Sudeste;0.0;1253.4293145161291;72.27559662;25.3;0;0.0;0.0;0.0;10;-0.8660254037844386;0.5000000000000001;0.0;0.0;2023;10;70.50797764;25.3;22.5;normal
2023-10-01;Sul;0.0;996.1035846774195;90.18859863;25.3;0;0.0;0.0;0.0;10;-0.8660254037844386;0.5000000000000001;0.0;0.0;2023;10;89.18599700967742;25.3;22.5;normal
2023-11-01;Nordeste;0.0;411.91625416666665;59.79959869;20.0;0;0.0;0.0;0.0;11;-0.5000000000000004;0.8660254037844384;0.0;0.0;2023;11;57.554053243333335;20.0;20.0;normal
2023-11-01;Norte;0.0;1928.2718444444447;57.37250137;20.0;0;0.0;0.0;0.0;11;-0.5000000000000004;0.8660254037844384;0.0;0.0;2023;11;52.06141001433333;20.0;20.0;normal
2023-11-01;Sudeste;0.0;2342.821448611111;68.5582962;20.0;0;0.0;0.0;0.0;11;-0.5000000000000004;0.8660254037844384;0.0;0.0;2023;11;66.18337631166666;20.0;20.0;normal
2023-11-01;Sul;0.0;1126.428588888889;87.63159943;20.0;0;0.0;0.0;0.0;11;-0.5000000000000004;0.8660254037844384;0.0;0.0;2023;11;91.32204386366668;20.0;20.0;normal
2023-12-01;Nordeste;0.0;552.1346706989248;53.5909996;25.0;0;0.0;0.0;0.0;12;-2.4492935982947064e-16;1.0;0.0;0.0;2023;12;50.394167745806456;25.0;20.0;normal
2023-12-01;Norte;0.0;1613.4020201612902;48.77859879;25.0;0;0.0;0.0;0.0;12;-2.4492935982947064e-16;1.0;0.0;0.0;2023;12;47.337084124193545;25.0;20.0;normal
2023-12-01;Sudeste;0.0;3819.6004489247316;63.9280014;25.0;0;0.0;0.0;0.0;12;-2.4492935982947064e-16;1.0;0.0;0.0;2023;12;62.413338198709674;25.0;20.0;normal
2023-12-01;Sul;0.0;683.3232580645162;96.83110046;25.0;0;0.0;0.0;0.0;12;-2.4492935982947064e-16;1.0;0.0;0.0;2023;12;95.95701672967742;25.0;20.0;normal
2024-01-01;Nordeste;0.0;186.09820026881718;48.96780014;28.0;0;0.0;0.0;0.0;1;0.49999999999999994;0.8660254037844387;0.0;0.0;2024;1;51.20922937612904;28.0;23.0;normal
2024-01-01;Norte;0.0;2098.324947580645;45.81919861;28.0;0;0.0;0.0;0.0;1;0.49999999999999994;0.8660254037844387;0.0;0.0;2024;1;47.20361611258065;28.0;23.0;normal
2024-01-01;Sudeste;0.0;3441.208682795699;60.73600006;28.0;0;0.0;0.0;0.0;1;0.49999999999999994;0.8660254037844387;0.0;0.0;2024;1;60.892767998064514;28.0;23.0;normal
2024-01-01;Sul;0.0;824.3256478494624;90.63089752;28.0;0;0.0;0.0;0.0;1;0.49999999999999994;0.8660254037844387;0.0;0.0;2024;1;82.97588397612903;28.0;23.0;normal
2024-02-01;Nordeste;0.0;14.2089066091954;55.83840179;36.0;0;0.0;0.0;0.0;2;0.8660254037844386;0.5000000000000001;0.0;0.0;2024;2;60.18058632137931;36.0;26.0;normal
2024-02-01;Norte;0.0;1255.2164425287356;52.7179985;36.0;0;0.0;0.0;0.0;2;0.8660254037844386;0.5000000000000001;0.0;0.0;2024;2;63.94407903793103;36.0;26.0;normal
2024-02-01;Sudeste;0.0;3224.544423850575;61.12530136;36.0;0;0.0;0.0;0.0;2;0.8660254037844386;0.5000000000000001;0.0;0.0;2024;2;62.565668960689656;36.0;26.0;normal
2024-02-01;Sul;0.0;1171.4215962643677;81.76119995;36.0;0;0.0;0.0;0.0;2;0.8660254037844386;0.5000000000000001;0.0;0.0;2024;2;73.81078259758621;36.0;26.0;normal
2024-03-01;Nordeste;0.0;54.69211155913978;65.81079865;43.0;0;0.0;0.0;0.0;3;1.0;6.123233995736766e-17;0.0;0.0;2024;3;69.68644812774194;43.0;33.0;normal
2024-03-01;Norte;0.0;1067.0944690860215;79.30770111;43.0;0;0.0;0.0;0.0;3;1.0;6.123233995736766e-17;0.0;0.0;2024;3;90.58810375516128;43.0;33.0;normal
2024-03-01;Sudeste;0.0;3102.747034946237;64.44460297;43.0;0;0.0;0.0;0.0;3;1.0;6.123233995736766e-17;0.0;0.0;2024;3;65.82678764096775;43.0;33.0;normal
2024-03-01;Sul;0.0;755.1092768817205;67.10669708;43.0;0;0.0;0.0;0.0;3;1.0;6.123233995736766e-17;0.0;0.0;2024;3;68.41285508741936;43.0;33.0;normal
2024-04-01;Nordeste;0.0;74.54849166666666;73.00740051;45.0;0;0.0;0.0;0.0;4;0.8660254037844387;-0.4999999999999998;0.0;0.0;2024;4;76.63622995966666;45.0;36.0;normal
2024-04-01;Norte;0.0;1020.8228291666667;94.41439819;45.0;0;0.0;0.0;0.0;4;0.8660254037844387;-0.4999999999999998;0.0;0.0;2024;4;94.87760950666667;45.0;36.0;normal
2024-04-01;Sudeste;0.0;3028.3375250000004;69.76979828;45.0;0;0.0;0.0;0.0;4;0.8660254037844387;-0.4999999999999998;0.0;0.0;2024;4;71.98063659733333;45.0;36.0;normal
2024-04-01;Sul;0.0;292.42207916666666;66.35870361;45.0;0;0.0;0.0;0.0;4;0.8660254037844387;-0.4999999999999998;0.0;0.0;2024;4;63.102317047;45.0;36.0;normal
2024-05-01;Nordeste;0.0;29.991798387096775;78.57019806;45.0;0;0.0;0.0;0.0;5;0.49999999999999994;-0.8660254037844387;0.0;0.0;2024;5;76.8632970016129;45.0;37.0;normal
2024-05-01;Norte;0.0;1087.1241559139785;95.54340363;45.0;0;0.0;0.0;0.0;5;0.49999999999999994;-0.8660254037844387;0.0;0.0;2024;5;95.82434574225807;45.0;37.0;normal
2024-05-01;Sudeste;0.0;2456.920129032258;72.9756012;45.0;0;0.0;0.0;0.0;5;0.49999999999999994;-0.8660254037844387;0.0;0.0;2024;5;72.14792608483872;45.0;37.0;normal
2024-05-01;Sul;0.0;616.6767029569893;73.10600281;45.0;0;0.0;0.0;0.0;5;0.49999999999999994;-0.8660254037844387;0.0;0.0;2024;5;87.56121580064516;45.0;37.0;normal
2024-06-01;Nordeste;0.0;66.37063055555555;74.4713974;43.0;0;0.0;0.0;0.0;6;1.2246467991473532e-16;-1.0;0.0;0.0;2024;6;71.99808629333333;43.0;36.0;normal
2024-06-01;Norte;0.0;1142.157348611111;96.561203;43.0;0;0.0;0.0;0.0;6;1.2246467991473532e-16;-1.0;0.0;0.0;2024;6;94.291586303;43.0;36.0;normal
2024-06-01;Sudeste;0.0;3044.2188458333335;71.31150055;43.0;0;0.0;0.0;0.0;6;1.2246467991473532e-16;-1.0;0.0;0.0;2024;6;69.65336074866667;43.0;36.0;normal
2024-06-01;Sul;0.0;759.5069972222221;94.63439941;43.0;0;0.0;0.0;0.0;6;1.2246467991473532e-16;-1.0;0.0;0.0;2024;6;90.51526336666667;43.0;36.0;normal
2024-07-01;Nordeste;0.0;79.01346505376344;69.19860077;40.0;0;0.0;0.0;0.0;7;-0.4999999999999997;-0.8660254037844388;0.0;0.0;2024;7;66.06798049;40.0;33.0;normal
2024-07-01;Norte;0.0;2119.611297043011;91.18910217;40.0;0;0.0;0.0;0.0;7;-0.4999999999999997;-0.8660254037844388;0.0;0.0;2024;7;88.07401915483872;40.0;33.0;normal
2024-07-01;Sudeste;0.0;3445.2322930107525;67.37000275;40.0;0;0.0;0.0;0.0;7;-0.4999999999999997;-0.8660254037844388;0.0;0.0;2024;7;65.01018142645161;40.0;33.0;normal
2024-07-01;Sul;0.0;904.473375;88.05339813;40.0;0;0.0;0.0;0.0;7;-0.4999999999999997;-0.8660254037844388;0.0;0.0;2024;7;87.62775790354839;40.0;33.0;normal
2024-08-01;Nordeste;0.0;454.38562499999995;62.85070038;35.0;0;0.0;0.0;0.0;8;-0.8660254037844384;-0.5000000000000004;0.0;0.0;2024;8;59.49151660580645;35.0;30.0;normal
2024-08-01;Norte;0.0;2600.427731182796;84.28749847;35.0;0;0.0;0.0;0.0;8;-0.8660254037844384;-0.5000000000000004;0.0;0.0;2024;8;81.49287094548387;35.0;30.0;normal
2024-08-01;Sudeste;0.0;3982.26810483871;62.36109924;35.0;0;0.0;0.0;0.0;8;-0.8660254037844384;-0.5000000000000004;0.0;0.0;2024;8;59.30332589967742;35.0;30.0;normal
2024-08-01;Sul;0.0;842.9150793010753;89.72319794;35.0;0;0.0;0.0;0.0;8;-0.8660254037844384;-0.5000000000000004;0.0;0.0;2024;8;78.22910284258064;35.0;30.0;normal
2024-09-01;Nordeste;0.0;819.9596555555556;55.86800003;31.0;0;0.0;0.0;0.0;9;-1.0;-1.8369701987210297e-16;0.0;0.0;2024;9;52.55555674233334;31.0;26.0;normal
2024-09-01;Norte;0.0;2834.4285847222222;79.19049835;31.0;0;0.0;0.0;0.0;9;-1.0;-1.8369701987210297e-16;0.0;0.0;2024;9;77.051420339;31.0;26.0;normal
2024-09-01;Sudeste;0.0;6121.511241666666;55.54710007;31.0;0;0.0;0.0;0.0;9;-1.0;-1.8369701987210297e-16;0.0;0.0;2024;9;50.91584014833334;31.0;26.0;normal
2024-09-01;Sul;0.0;730.7618486111111;64.98940277;31.0;0;0.0;0.0;0.0;9;-1.0;-1.8369701987210297e-16;0.0;0.0;2024;9;57.745217006333334;31.0;26.0;normal
2024-10-01;Nordeste;0.0;957.8518521505378;49.35609818;26.0;0;0.0;0.0;0.0;10;-0.8660254037844386;0.5000000000000001;0.0;0.0;2024;10;46.57720024387097;26.0;22.0;normal
2024-10-01;Norte;0.0;2977.243502688172;73.86470032;26.0;0;0.0;0.0;0.0;10;-0.8660254037844386;0.5000000000000001;0.0;0.0;2024;10;68.54192266193549;26.0;22.0;normal
2024-10-01;Sudeste;0.0;6600.507975806452;46.12220001;26.0;0;0.0;0.0;0.0;10;-0.8660254037844386;0.5000000000000001;0.0;0.0;2024;10;42.42240659741936;26.0;22.0;normal
2024-10-01;Sul;0.0;1280.3614704301076;54.28530121;26.0;0;0.0;0.0;0.0;10;-0.8660254037844386;0.5000000000000001;0.0;0.0;2024;10;61.75807448290322;26.0;22.0;normal
2024-11-01;Nordeste;0.0;270.10416944444444;44.49990082;25.0;0;0.0;0.0;0.0;11;-0.5000000000000004;0.8660254037844384;0.0;0.0;2024;11;44.430413437;25.0;20.0;normal
2024-11-01;Norte;0.0;2094.2746625;62.93180084;25.0;0;0.0;0.0;0.0;11;-0.5000000000000004;0.8660254037844384;0.0;0.0;2024;11;56.987016806;25.0;20.0;normal
2024-11-01;Sudeste;0.0;3854.202536111111;40.22169876;25.0;0;0.0;0.0;0.0;11;-0.5000000000000004;0.8660254037844384;0.0;0.0;2024;11;41.966713206;25.0;20.0;normal
2024-11-01;Sul;0.0;1154.3583125;64.71160126;25.0;0;0.0;0.0;0.0;11;-0.5000000000000004;0.8660254037844384;0.0;0.0;2024;11;62.488283284333335;25.0;20.0;normal
2024-12-01;Nordeste;0.0;333.05848387096773;45.53749847;27.0;0;0.0;0.0;0.0;12;-2.4492935982947064e-16;1.0;0.0;0.0;2024;12;46.601532106129035;27.0;22.0;normal
2024-12-01;Norte;0.0;2172.218866935484;51.82630157;27.0;0;0.0;0.0;0.0;12;-2.4492935982947064e-16;1.0;0.0;0.0;2024;12;50.80359391193548;27.0;22.0;normal
2024-12-01;Sudeste;0.0;2866.9932688172044;42.69400024;27.0;0;0.0;0.0;0.0;12;-2.4492935982947064e-16;1.0;0.0;0.0;2024;12;45.263867778387095;27.0;22.0;normal
2024-12-01;Sul;0.0;873.6999690860215;56.59700012;27.0;0;0.0;0.0;0.0;12;-2.4492935982947064e-16;1.0;0.0;0.0;2024;12;69.69670954096775;27.0;22.0;normal
2025-01-01;Nordeste;0.0;21.965604838709677;50.1757;30.0;0;0.0;0.0;0.0;1;0.49999999999999994;0.8660254037844387;0.0;0.0;2025;1;59.658874193548385;30.0;24.0;normal
2025-01-01;Norte;0.0;1739.921258064516;53.9654;30.0;0;0.0;0.0;0.0;1;0.49999999999999994;0.8660254037844387;0.0;0.0;2025;1;62.590216129032264;30.0;24.0;normal
2025-01-01;Sudeste;0.0;3363.0776411290326;51.657;30.0;0;0.0;0.0;0.0;1;0.49999999999999994;0.8660254037844387;0.0;0.0;2025;1;57.310590322580644;30.0;24.0;normal
2025-01-01;Sul;0.0;414.1101182795699;79.369;30.0;0;0.0;0.0;0.0;1;0.49999999999999994;0.8660254037844387;0.0;0.0;2025;1;71.37096774193549;30.0;24.0;normal
2025-02-01;Nordeste;0.0;6.300934523809524;70.4804;37.0;0;0.0;0.0;0.0;2;0.8660254037844386;0.5000000000000001;0.0;0.0;2025;2;77.08706071428571;37.0;28.0;normal
2025-02-01;Norte;0.0;1007.0888794642857;81.6894;37.0;0;0.0;0.0;0.0;2;0.8660254037844386;0.5000000000000001;0.0;0.0;2025;2;89.60114285714285;37.0;28.0;normal
2025-02-01;Sudeste;0.0;3528.2185342261905;62.6831;37.0;0;0.0;0.0;0.0;2;0.8660254037844386;0.5000000000000001;0.0;0.0;2025;2;67.38204642857143;37.0;28.0;normal
2025-02-01;Sul;0.0;938.2573556547619;61.3448;37.0;0;0.0;0.0;0.0;2;0.8660254037844386;0.5000000000000001;0.0;0.0;2025;2;58.20357857142857;37.0;28.0;normal
2025-03-01;Nordeste;0.0;28.831842741935482;80.0022;44.0;0;0.0;0.0;0.0;3;1.0;6.123233995736766e-17;0.0;0.0;2025;3;78.8182064516129;44.0;35.0;normal
2025-03-01;Norte;0.0;896.3652069892473;92.4891;44.0;0;0.0;0.0;0.0;3;1.0;6.123233995736766e-17;0.0;0.0;2025;3;94.08580322580646;44.0;35.0;normal
2025-03-01;Sudeste;0.0;3427.269907258065;68.8344;44.0;0;0.0;0.0;0.0;3;1.0;6.123233995736766e-17;0.0;0.0;2025;3;68.1624193548387;44.0;35.0;normal
2025-03-01;Sul;0.0;661.2016518817204;53.5875;44.0;0;0.0;0.0;0.0;3;1.0;6.123233995736766e-17;0.0;0.0;2025;3;45.32479677419355;44.0;35.0;normal
2025-04-01;Nordeste;0.0;7.763355555555555;77.6962;46.0;0;0.0;0.0;0.0;4;0.8660254037844387;-0.4999999999999998;0.0;0.0;2025;4;77.00491666666667;46.0;39.0;normal
2025-04-01;Norte;0.0;1220.899238888889;96.185;46.0;0;0.0;0.0;0.0;4;0.8660254037844387;-0.4999999999999998;0.0;0.0;2025;4;96.39270666666667;46.0;39.0;normal
2025-04-01;Sudeste;0.0;3098.4379763888887;68.5044;46.0;0;0.0;0.0;0.0;4;0.8660254037844387;-0.4999999999999998;0.0;0.0;2025;4;69.03029333333333;46.0;39.0;normal
2025-04-01;Sul;0.0;868.9977666666666;39.1448;46.0;1;6.8552000000000035;0.1490260869565218;0.0;4;0.8660254037844387;-0.4999999999999998;0.03857749502365028;33.52375701914654;2025;4;40.28789;46.0;39.0;alert
2025-05-01;Nordeste;0.0;24.069499999999998;76.6891;46.0;0;0.0;0.0;0.0;5;0.49999999999999994;-0.8660254037844387;0.0;0.0;2025;5;75.39221612903226;46.0;40.0;normal
2025-05-01;Norte;0.0;1348.658310483871;97.6887;46.0;0;0.0;0.0;0.0;5;0.49999999999999994;-0.8660254037844387;0.0;0.0;2025;5;97.78191935483872;46.0;40.0;normal
2025-05-01;Sudeste;0.0;2901.4039274193547;70.2709;46.0;0;0.0;0.0;0.0;5;0.49999999999999994;-0.8660254037844387;0.0;0.0;2025;5;69.70470645161289;46.0;40.0;normal
2025-05-01;Sul;9.650229518359561;796.5718951612903;40.0954;46.0;1;5.904600000000002;0.12836086956521744;0.012114699974954022;5;0.49999999999999994;-0.8660254037844387;0.0194709388220661;15.510002638062733;2025;5;35.80425806451613;46.0;40.0;critical
2025-06-01;Nordeste;0.0;43.39783472222222;73.4235;45.0;0;0.0;0.0;0.0;6;1.2246467991473532e-16;-1.0;0.0;0.0;2025;6;71.21676000000001;45.0;39.0;normal
2025-06-01;Norte;0.0;2262.1408652777777;98.1727;45.0;0;0.0;0.0;0.0;6;1.2246467991473532e-16;-1.0;0.0;0.0;2025;6;97.71542333333333;45.0;39.0;normal
2025-06-01;Sudeste;0.0;2701.295793055556;68.4042;45.0;0;0.0;0.0;0.0;6;1.2246467991473532e-16;-1.0;0.0;0.0;2025;6;67.38011666666667;45.0;39.0;normal
2025-06-01;Sul;4.745157008613939;1357.0383722222223;35.9815;45.0;1;9.018500000000003;0.20041111111111118;0.0034967006871320025;6;1.2246467991473532e-16;-1.0;0.022890858463158855;31.063773307614372;2025;6;50.481226666666664;45.0;39.0;normal
2025-07-01;Nordeste;0.0;45.06159139784946;68.8024;42.0;0;0.0;0.0;0.0;7;-0.4999999999999997;-0.8660254037844388;0.0;0.0;2025;7;66.89509032258064;42.0;36.0;normal
2025-07-01;Norte;0.0;2234.4469784946236;96.7809;42.0;0;0.0;0.0;0.0;7;-0.4999999999999997;-0.8660254037844388;0.0;0.0;2025;7;95.53383870967743;42.0;36.0;normal
2025-07-01;Sudeste;0.0;5479.923826612903;66.4057;42.0;0;0.0;0.0;0.0;7;-0.4999999999999997;-0.8660254037844388;0.0;0.0;2025;7;64.91674838709677;42.0;36.0;normal
2025-07-01;Sul;0.0;1386.9458427419356;86.0092;42.0;0;0.0;0.0;0.0;7;-0.4999999999999997;-0.8660254037844388;0.0;0.0;2025;7;89.93282903225807;42.0;36.0;normal
2025-08-01;Nordeste;0.0;458.63203225806456;64.8023;37.0;0;0.0;0.0;0.0;8;-0.8660254037844384;-0.5000000000000004;0.0;0.0;2025;8;62.27447741935484;37.0;32.0;normal
2025-08-01;Norte;0.0;2803.46600672043;92.5161;37.0;0;0.0;0.0;0.0;8;-0.8660254037844384;-0.5000000000000004;0.0;0.0;2025;8;89.79619354838711;37.0;32.0;normal
2025-08-01;Sudeste;0.0;5877.121799731182;62.9168;37.0;0;0.0;0.0;0.0;8;-0.8660254037844384;-0.5000000000000004;0.0;0.0;2025;8;60.48778709677419;37.0;32.0;normal
2025-08-01;Sul;0.0;965.4699220430107;83.6911;37.0;0;0.0;0.0;0.0;8;-0.8660254037844384;-0.5000000000000004;0.0;0.0;2025;8;82.80682580645161;37.0;32.0;normal
2025-09-01;Nordeste;0.0;599.4604340277778;59.4375;32.0;0;0.0;0.0;0.0;9;-1.0;-1.8369701987210297e-16;0.0;0.0;2025;9;56.8228;32.0;28.0;normal
2025-09-01;Norte;0.0;2630.185016666667;87.6811;32.0;0;0.0;0.0;0.0;9;-1.0;-1.8369701987210297e-16;0.0;0.0;2025;9;84.93616333333333;32.0;28.0;normal
2025-09-01;Sudeste;0.0;4759.29035;57.4443;32.0;0;0.0;0.0;0.0;9;-1.0;-1.8369701987210297e-16;0.0;0.0;2025;9;53.845800000000004;32.0;28.0;normal
2025-09-01;Sul;0.0;849.9856402777777;89.7005;32.0;0;0.0;0.0;0.0;9;-1.0;-1.8369701987210297e-16;0.0;0.0;2025;9;90.49501000000001;32.0;28.0;normal
2025-10-01;Nordeste;0.0;1905.4367876344086;54.1011;27.0;0;0.0;0.0;0.0;10;-0.8660254037844386;0.5000000000000001;0.0;0.0;2025;10;51.478461290322585;27.0;23.0;normal
2025-10-01;Norte;0.0;2574.2052983870967;82.2301;27.0;0;0.0;0.0;0.0;10;-0.8660254037844386;0.5000000000000001;0.0;0.0;2025;10;78.76328064516129;27.0;23.0;normal
2025-10-01;Sudeste;0.0;5383.033268817204;50.0212;27.0;0;0.0;0.0;0.0;10;-0.8660254037844386;0.5000000000000001;0.0;0.0;2025;10;46.87042258064516;27.0;23.0;normal
2025-10-01;Sul;0.0;910.8843575268818;91.4827;27.0;0;0.0;0.0;0.0;10;-0.8660254037844386;0.5000000000000001;0.0;0.0;2025;10;91.35236774193548;27.0;23.0;normal
2025-11-01;Nordeste;0.0;1641.9022555555557;48.6703;26.0;0;0.0;0.0;0.0;11;-0.5000000000000004;0.8660254037844384;0.0;0.0;2025;11;46.62762;26.0;21.0;normal
2025-11-01;Norte;0.0;2807.2621083333333;74.655;26.0;0;0.0;0.0;0.0;11;-0.5000000000000004;0.8660254037844384;0.0;0.0;2025;11;66.72449333333333;26.0;21.0;normal
2025-11-01;Sudeste;0.0;6144.650963888889;44.238;26.0;0;0.0;0.0;0.0;11;-0.5000000000000004;0.8660254037844384;0.0;0.0;2025;11;43.17579;26.0;21.0;normal
2025-11-01;Sul;0.0;1125.2492916666667;90.8428;26.0;0;0.0;0.0;0.0;11;-0.5000000000000004;0.8660254037844384;0.0;0.0;2025;11;92.05633333333334;26.0;21.0;normal
2025-12-01;Nordeste;0.0;392.067685483871;44.9047;25.4;0;0.0;0.0;0.0;12;-2.4492935982947064e-16;1.0;0.0;0.0;2025;12;44.739187096774195;25.4;21.8;normal
2025-12-01;Norte;0.0;2487.832282258065;58.1794;25.4;0;0.0;0.0;0.0;12;-2.4492935982947064e-16;1.0;0.0;0.0;2025;12;55.05185806451613;25.4;21.8;normal
2025-12-01;Sudeste;0.0;4650.206631720431;41.3611;25.4;0;0.0;0.0;0.0;12;-2.4492935982947064e-16;1.0;0.0;0.0;2025;12;41.303229032258066;25.4;21.8;normal
2025-12-01;Sul;0.0;756.2748870967741;87.3951;25.4;0;0.0;0.0;0.0;12;-2.4492935982947064e-16;1.0;0.0;0.0;2025;12;78.18542258064515;25.4;21.8;normal
