mes_dt;n_obs;mae;rmse;r2;bias;wape_percent;smape_percent;real_mean;pred_mean;real_sum;pred_sum;accuracy;precision;recall;f1;tn;fp;fn;tp;n_evento;mae_evento;rmse_evento;wape_evento_percent;n_zero;mae_zero;false_positive_count;false_positive_rate;pred_mean_zero
2022-01-01;4;33.70127077713621;41.9508502326072;-0.013007714816353877;-33.70127077713621;65.19854705762955;147.1603043141079;51.69021749418337;17.98894671704716;206.7608699767335;71.95578686818864;0.5;1.0;0.3333333333333333;0.5;1;0;2;1;3;44.93502770284828;48.440669349058886;65.19854705762955;1;0.0;0;0.0;0.0
2022-02-01;4;34.5692934703462;49.73391893305947;-0.9347709225842706;-34.5692934703462;100.0;200.0;34.5692934703462;0.0;138.2771738813848;0.0;0.25;0.0;0.0;0.0;1;0;3;0;3;46.09239129379494;57.42778296771382;100.0;1;0.0;0;0.0;0.0
2022-03-01;4;21.730167636102223;31.588586519689592;-0.6272083640860748;-21.730167636102223;88.1217182193843;171.96353303266315;24.65926456631686;2.929096930214636;98.63705826526744;11.716387720858544;0.5;1.0;0.3333333333333333;0.5;1;0;2;1;3;28.973556848136298;36.475357860925136;88.1217182193843;1;0.0;0;0.0;0.0
2022-04-01;4;3.590695893719807;7.181391787439614;-0.3333333333333335;-3.590695893719807;100.0;200.0;3.590695893719807;0.0;14.362783574879227;0.0;0.75;0.0;0.0;0.0;3;0;1;0;1;14.362783574879227;14.362783574879227;100.0;3;0.0;0;0.0;0.0
2022-05-01;4;0.0;0.0;;0.0;;;0.0;0.0;0.0;0.0;1.0;0.0;0.0;0.0;4;0;0;0;0;;;;4;0.0;0;0.0;0.0
2022-06-01;4;0.0;0.0;;0.0;;;0.0;0.0;0.0;0.0;1.0;0.0;0.0;0.0;4;0;0;0;0;;;;4;0.0;0;0.0;0.0
2022-07-01;4;0.0;0.0;;0.0;;;0.0;0.0;0.0;0.0;1.0;0.0;0.0;0.0;4;0;0;0;0;;;;4;0.0;0;0.0;0.0
2022-08-01;4;0.0;0.0;;0.0;;;0.0;0.0;0.0;0.0;1.0;0.0;0.0;0.0;4;0;0;0;0;;;;4;0.0;0;0.0;0.0
2022-09-01;4;0.0;0.0;;0.0;;;0.0;0.0;0.0;0.0;1.0;0.0;0.0;0.0;4;0;0;0;0;;;;4;0.0;0;0.0;0.0
2022-10-01;4;0.0;0.0;;0.0;;;0.0;0.0;0.0;0.0;1.0;0.0;0.0;0.0;4;0;0;0;0;;;;4;0.0;0;0.0;0.0
2022-11-01;4;0.0;0.0;;0.0;;;0.0;0.0;0.0;0.0;1.0;0.0;0.0;0.0;4;0;0;0;0;;;;4;0.0;0;0.0;0.0
2022-12-01;4;0.0;0.0;;0.0;;;0.0;0.0;0.0;0.0;1.0;0.0;0.0;0.0;4;0;0;0;0;;;;4;0.0;0;0.0;0.0
2023-01-01;4;0.0;0.0;;0.0;;;0.0;0.0;0.0;0.0;1.0;0.0;0.0;0.0;4;0;0;0;0;;;;4;0.0;0;0.0;0.0
2023-02-01;4;0.0;0.0;;0.0;;;0.0;0.0;0.0;0.0;1.0;0.0;0.0;0.0;4;0;0;0;0;;;;4;0.0;0;0.0;0.0
2023-03-01;4;0.0;0.0;;0.0;;;0.0;0.0;0.0;0.0;1.0;0.0;0.0;0.0;4;0;0;0;0;;;;4;0.0;0;0.0;0.0
2023-04-01;4;0.0;0.0;;0.0;;;0.0;0.0;0.0;0.0;1.0;0.0;0.0;0.0;4;0;0;0;0;;;;4;0.0;0;0.0;0.0
2023-05-01;4;0.0;0.0;;0.0;;;0.0;0.0;0.0;0.0;1.0;0.0;0.0;0.0;4;0;0;0;0;;;;4;0.0;0;0.0;0.0
2023-06-01;4;0.0;0.0;;0.0;;;0.0;0.0;0.0;0.0;1.0;0.0;0.0;0.0;4;0;0;0;0;;;;4;0.0;0;0.0;0.0
2023-07-01;4;0.0;0.0;;0.0;;;0.0;0.0;0.0;0.0;1.0;0.0;0.0;0.0;4;0;0;0;0;;;;4;0.0;0;0.0;0.0
2023-08-01;4;0.0;0.0;;0.0;;;0.0;0.0;0.0;0.0;1.0;0.0;0.0;0.0;4;0;0;0;0;;;;4;0.0;0;0.0;0.0
2023-09-01;4;0.0;0.0;;0.0;;;0.0;0.0;0.0;0.0;1.0;0.0;0.0;0.0;4;0;0;0;0;;;;4;0.0;0;0.0;0.0
2023-10-01;4;0.0;0.0;;0.0;;;0.0;0.0;0.0;0.0;1.0;0.0;0.0;0.0;4;0;0;0;0;;;;4;0.0;0;0.0;0.0
2023-11-01;4;0.0;0.0;;0.0;;;0.0;0.0;0.0;0.0;1.0;0.0;0.0;0.0;4;0;0;0;0;;;;4;0.0;0;0.0;0.0
2023-12-01;4;0.0;0.0;;0.0;;;0.0;0.0;0.0;0.0;1.0;0.0;0.0;0.0;4;0;0;0;0;;;;4;0.0;0;0.0;0.0
2024-01-01;4;0.0;0.0;;0.0;;;0.0;0.0;0.0;0.0;1.0;0.0;0.0;0.0;4;0;0;0;0;;;;4;0.0;0;0.0;0.0
2024-02-01;4;0.0;0.0;;0.0;;;0.0;0.0;0.0;0.0;1.0;0.0;0.0;0.0;4;0;0;0;0;;;;4;0.0;0;0.0;0.0
2024-03-01;4;0.0;0.0;;0.0;;;0.0;0.0;0.0;0.0;1.0;0.0;0.0;0.0;4;0;0;0;0;;;;4;0.0;0;0.0;0.0
2024-04-01;4;0.0;0.0;;0.0;;;0.0;0.0;0.0;0.0;1.0;0.0;0.0;0.0;4;0;0;0;0;;;;4;0.0;0;0.0;0.0
2024-05-01;4;0.0;0.0;;0.0;;;0.0;0.0;0.0;0.0;1.0;0.0;0.0;0.0;4;0;0;0;0;;;;4;0.0;0;0.0;0.0
2024-06-01;4;0.0;0.0;;0.0;;;0.0;0.0;0.0;0.0;1.0;0.0;0.0;0.0;4;0;0;0;0;;;;4;0.0;0;0.0;0.0
2024-07-01;4;0.0;0.0;;0.0;;;0.0;0.0;0.0;0.0;1.0;0.0;0.0;0.0;4;0;0;0;0;;;;4;0.0;0;0.0;0.0
2024-08-01;4;0.0;0.0;;0.0;;;0.0;0.0;0.0;0.0;1.0;0.0;0.0;0.0;4;0;0;0;0;;;;4;0.0;0;0.0;0.0
2024-09-01;4;0.0;0.0;;0.0;;;0.0;0.0;0.0;0.0;1.0;0.0;0.0;0.0;4;0;0;0;0;;;;4;0.0;0;0.0;0.0
2024-10-01;4;0.0;0.0;;0.0;;;0.0;0.0;0.0;0.0;1.0;0.0;0.0;0.0;4;0;0;0;0;;;;4;0.0;0;0.0;0.0
2024-11-01;4;0.0;0.0;;0.0;;;0.0;0.0;0.0;0.0;1.0;0.0;0.0;0.0;4;0;0;0;0;;;;4;0.0;0;0.0;0.0
2024-12-01;4;0.0;0.0;;0.0;;;0.0;0.0;0.0;0.0;1.0;0.0;0.0;0.0;4;0;0;0;0;;;;4;0.0;0;0.0;0.0
2025-01-01;4;0.0;0.0;;0.0;;;0.0;0.0;0.0;0.0;1.0;0.0;0.0;0.0;4;0;0;0;0;;;;4;0.0;0;0.0;0.0
2025-02-01;4;0.0;0.0;;0.0;;;0.0;0.0;0.0;0.0;1.0;0.0;0.0;0.0;4;0;0;0;0;;;;4;0.0;0;0.0;0.0
2025-03-01;4;0.0;0.0;;0.0;;;0.0;0.0;0.0;0.0;1.0;0.0;0.0;0.0;4;0;0;0;0;;;;4;0.0;0;0.0;0.0
2025-04-01;4;8.380939254786634;16.76187850957327;;8.380939254786634;;200.0;0.0;8.380939254786634;0.0;33.52375701914654;0.75;0.0;0.0;0.0;3;1;0;0;0;;;;4;8.380939254786634;1;0.25;8.380939254786634
2025-05-01;4;1.464943279925793;2.929886559851586;0.5083850811076029;1.464943279925793;60.72159329013838;46.57964269385671;2.4125573795898902;3.8775006595156833;9.650229518359561;15.510002638062733;1.0;1.0;1.0;1.0;3;0;0;1;1;5.859773119703172;5.859773119703172;60.72159329013838;3;0.0;0;0.0;0.0
2025-06-01;4;6.579654074750108;13.159308149500216;-40.01697873904611;6.579654074750108;554.641632536583;146.99470811655635;1.1862892521534847;7.765943326903593;4.745157008613939;31.063773307614372;1.0;1.0;1.0;1.0;3;0;0;1;1;26.318616299000432;26.318616299000432;554.641632536583;3;0.0;0;0.0;0.0
2025-07-01;4;0.0;0.0;;0.0;;;0.0;0.0;0.0;0.0;1.0;0.0;0.0;0.0;4;0;0;0;0;;;;4;0.0;0;0.0;0.0
2025-08-01;4;0.0;0.0;;0.0;;;0.0;0.0;0.0;0.0;1.0;0.0;0.0;0.0;4;0;0;0;0;;;;4;0.0;0;0.0;0.0
2025-09-01;4;0.0;0.0;;0.0;;;0.0;0.0;0.0;0.0;1.0;0.0;0.0;0.0;4;0;0;0;0;;;;4;0.0;0;0.0;0.0
2025-10-01;4;0.0;0.0;;0.0;;;0.0;0.0;0.0;0.0;1.0;0.0;0.0;0.0;4;0;0;0;0;;;;4;0.0;0;0.0;0.0
2025-11-01;4;0.0;0.0;;0.0;;;0.0;0.0;0.0;0.0;1.0;0.0;0.0;0.0;4;0;0;0;0;;;;4;0.0;0;0.0;0.0
2025-12-01;4;0.0;0.0;;0.0;;;0.0;0.0;0.0;0.0;1.0;0.0;0.0;0.0;4;0;0;0;0;;;;4;0.0;0;0.0;0.0
